--
-- PostgreSQL database dump
--

-- Dumped from database version 13.2 (Debian 13.2-1.pgdg100+1)
-- Dumped by pg_dump version 14.2

-- Started on 2022-05-04 01:14:41

SET statement_timeout = 0;
SET lock_timeout = 0;
SET idle_in_transaction_session_timeout = 0;
SET client_encoding = 'UTF8';
SET standard_conforming_strings = on;
SELECT pg_catalog.set_config('search_path', '', false);
SET check_function_bodies = false;
SET xmloption = content;
SET client_min_messages = warning;
SET row_security = off;

DROP DATABASE postgres;
--
-- TOC entry 3174 (class 1262 OID 13395)
-- Name: postgres; Type: DATABASE; Schema: -; Owner: postgres
--

CREATE DATABASE postgres WITH TEMPLATE = template0 ENCODING = 'UTF8' LOCALE = 'en_US.utf8';


ALTER DATABASE postgres OWNER TO postgres;

\connect postgres

SET statement_timeout = 0;
SET lock_timeout = 0;
SET idle_in_transaction_session_timeout = 0;
SET client_encoding = 'UTF8';
SET standard_conforming_strings = on;
SELECT pg_catalog.set_config('search_path', '', false);
SET check_function_bodies = false;
SET xmloption = content;
SET client_min_messages = warning;
SET row_security = off;

--
-- TOC entry 3175 (class 0 OID 0)
-- Dependencies: 3174
-- Name: DATABASE postgres; Type: COMMENT; Schema: -; Owner: postgres
--

COMMENT ON DATABASE postgres IS 'default administrative connection database';


--
-- TOC entry 3 (class 2615 OID 2200)
-- Name: public; Type: SCHEMA; Schema: -; Owner: postgres
--

CREATE SCHEMA public;


ALTER SCHEMA public OWNER TO postgres;

--
-- TOC entry 3176 (class 0 OID 0)
-- Dependencies: 3
-- Name: SCHEMA public; Type: COMMENT; Schema: -; Owner: postgres
--

COMMENT ON SCHEMA public IS 'standard public schema';


--
-- TOC entry 234 (class 1255 OID 49537)
-- Name: device_types_get(); Type: FUNCTION; Schema: public; Owner: postgres
--

CREATE FUNCTION public.device_types_get() RETURNS TABLE("Id" integer, "Name" text, "MinimalQuantity" integer, "CurrentQuantity" integer)
    LANGUAGE plpgsql
    AS $$
    BEGIN
         RETURN QUERY
             select dt."Id" as "Id", dt."Name" as "Name", dt."MinimalQuantity" as "MinimalQuantity" ,
                    sum(case when d."InventoryNumber" is not null and d."DateOfDebit" is null then 1 else 0 end)::integer as "CurrentQuantity" from "DeviceTypes" dt
	left join "DeviceModels" dm on dt."Id" = dm."IdDeviceType"
	left join "Devices" d on d."IdDeviceModel" = dm."Id"
	group by dt."Id", dt."Name", dt."MinimalQuantity";
    END;
$$;


ALTER FUNCTION public.device_types_get() OWNER TO postgres;

SET default_tablespace = '';

SET default_table_access_method = heap;

--
-- TOC entry 228 (class 1259 OID 41852)
-- Name: DeviceDeviceParameter; Type: TABLE; Schema: public; Owner: postgres
--

CREATE TABLE public."DeviceDeviceParameter" (
    "DeviceId" integer NOT NULL,
    "DeviceParametersId" integer NOT NULL
);


ALTER TABLE public."DeviceDeviceParameter" OWNER TO postgres;

--
-- TOC entry 216 (class 1259 OID 41725)
-- Name: DeviceModels; Type: TABLE; Schema: public; Owner: postgres
--

CREATE TABLE public."DeviceModels" (
    "Id" integer NOT NULL,
    "Name" text,
    "IdDeviceType" integer NOT NULL
);


ALTER TABLE public."DeviceModels" OWNER TO postgres;

--
-- TOC entry 215 (class 1259 OID 41723)
-- Name: DeviceModels_Id_seq; Type: SEQUENCE; Schema: public; Owner: postgres
--

ALTER TABLE public."DeviceModels" ALTER COLUMN "Id" ADD GENERATED BY DEFAULT AS IDENTITY (
    SEQUENCE NAME public."DeviceModels_Id_seq"
    START WITH 1
    INCREMENT BY 1
    NO MINVALUE
    NO MAXVALUE
    CACHE 1
);


--
-- TOC entry 229 (class 1259 OID 41867)
-- Name: DeviceParameterValues; Type: TABLE; Schema: public; Owner: postgres
--

CREATE TABLE public."DeviceParameterValues" (
    "DeviceId" integer NOT NULL,
    "DeviceParameterId" integer NOT NULL,
    "Value" text
);


ALTER TABLE public."DeviceParameterValues" OWNER TO postgres;

--
-- TOC entry 202 (class 1259 OID 41655)
-- Name: DeviceParameters; Type: TABLE; Schema: public; Owner: postgres
--

CREATE TABLE public."DeviceParameters" (
    "Id" integer NOT NULL,
    "Name" text
);


ALTER TABLE public."DeviceParameters" OWNER TO postgres;

--
-- TOC entry 201 (class 1259 OID 41653)
-- Name: DeviceParameters_Id_seq; Type: SEQUENCE; Schema: public; Owner: postgres
--

ALTER TABLE public."DeviceParameters" ALTER COLUMN "Id" ADD GENERATED BY DEFAULT AS IDENTITY (
    SEQUENCE NAME public."DeviceParameters_Id_seq"
    START WITH 1
    INCREMENT BY 1
    NO MINVALUE
    NO MAXVALUE
    CACHE 1
);


--
-- TOC entry 231 (class 1259 OID 41887)
-- Name: DeviceTransfers; Type: TABLE; Schema: public; Owner: postgres
--

CREATE TABLE public."DeviceTransfers" (
    "Id" integer NOT NULL,
    "DateOfInstallation" timestamp with time zone NOT NULL,
    "DateOfRemoval" timestamp with time zone,
    "IdDevice" integer NOT NULL,
    "UseType" text,
    "IdLocation" integer,
    "IdWorkstation" integer
);


ALTER TABLE public."DeviceTransfers" OWNER TO postgres;

--
-- TOC entry 230 (class 1259 OID 41885)
-- Name: DeviceTransfers_Id_seq; Type: SEQUENCE; Schema: public; Owner: postgres
--

ALTER TABLE public."DeviceTransfers" ALTER COLUMN "Id" ADD GENERATED BY DEFAULT AS IDENTITY (
    SEQUENCE NAME public."DeviceTransfers_Id_seq"
    START WITH 1
    INCREMENT BY 1
    NO MINVALUE
    NO MAXVALUE
    CACHE 1
);


--
-- TOC entry 204 (class 1259 OID 41665)
-- Name: DeviceTypes; Type: TABLE; Schema: public; Owner: postgres
--

CREATE TABLE public."DeviceTypes" (
    "Id" integer NOT NULL,
    "Name" text,
    "MinimalQuantity" integer NOT NULL
);


ALTER TABLE public."DeviceTypes" OWNER TO postgres;

--
-- TOC entry 203 (class 1259 OID 41663)
-- Name: DeviceTypes_Id_seq; Type: SEQUENCE; Schema: public; Owner: postgres
--

ALTER TABLE public."DeviceTypes" ALTER COLUMN "Id" ADD GENERATED BY DEFAULT AS IDENTITY (
    SEQUENCE NAME public."DeviceTypes_Id_seq"
    START WITH 1
    INCREMENT BY 1
    NO MINVALUE
    NO MAXVALUE
    CACHE 1
);


--
-- TOC entry 223 (class 1259 OID 41790)
-- Name: Devices; Type: TABLE; Schema: public; Owner: postgres
--

CREATE TABLE public."Devices" (
    "Id" integer NOT NULL,
    "InventoryNumber" text,
    "IdDeviceModel" integer NOT NULL,
    "DateOfDebit" timestamp with time zone,
    "DateOfLastService" timestamp with time zone,
    "DateOfNextService" timestamp with time zone
);


ALTER TABLE public."Devices" OWNER TO postgres;

--
-- TOC entry 222 (class 1259 OID 41788)
-- Name: Devices_Id_seq; Type: SEQUENCE; Schema: public; Owner: postgres
--

ALTER TABLE public."Devices" ALTER COLUMN "Id" ADD GENERATED BY DEFAULT AS IDENTITY (
    SEQUENCE NAME public."Devices_Id_seq"
    START WITH 1
    INCREMENT BY 1
    NO MINVALUE
    NO MAXVALUE
    CACHE 1
);


--
-- TOC entry 206 (class 1259 OID 41675)
-- Name: Employees; Type: TABLE; Schema: public; Owner: postgres
--

CREATE TABLE public."Employees" (
    "Id" integer NOT NULL,
    "PersonnelNumber" text,
    "LastName" text,
    "FirstName" text,
    "Patronymic" text,
    "Position" text,
    "Department" text
);


ALTER TABLE public."Employees" OWNER TO postgres;

--
-- TOC entry 205 (class 1259 OID 41673)
-- Name: Employees_Id_seq; Type: SEQUENCE; Schema: public; Owner: postgres
--

ALTER TABLE public."Employees" ALTER COLUMN "Id" ADD GENERATED BY DEFAULT AS IDENTITY (
    SEQUENCE NAME public."Employees_Id_seq"
    START WITH 1
    INCREMENT BY 1
    NO MINVALUE
    NO MAXVALUE
    CACHE 1
);


--
-- TOC entry 218 (class 1259 OID 41740)
-- Name: Locations; Type: TABLE; Schema: public; Owner: postgres
--

CREATE TABLE public."Locations" (
    "Id" integer NOT NULL,
    "Room" text,
    "House" text,
    "IdEmployee" integer
);


ALTER TABLE public."Locations" OWNER TO postgres;

--
-- TOC entry 217 (class 1259 OID 41738)
-- Name: Locations_Id_seq; Type: SEQUENCE; Schema: public; Owner: postgres
--

ALTER TABLE public."Locations" ALTER COLUMN "Id" ADD GENERATED BY DEFAULT AS IDENTITY (
    SEQUENCE NAME public."Locations_Id_seq"
    START WITH 1
    INCREMENT BY 1
    NO MINVALUE
    NO MAXVALUE
    CACHE 1
);


--
-- TOC entry 219 (class 1259 OID 41753)
-- Name: RoleUser; Type: TABLE; Schema: public; Owner: postgres
--

CREATE TABLE public."RoleUser" (
    "RolesId" integer NOT NULL,
    "UsersId" integer NOT NULL
);


ALTER TABLE public."RoleUser" OWNER TO postgres;

--
-- TOC entry 208 (class 1259 OID 41685)
-- Name: Roles; Type: TABLE; Schema: public; Owner: postgres
--

CREATE TABLE public."Roles" (
    "Id" integer NOT NULL,
    "Name" text,
    "IsWriteOff" boolean NOT NULL,
    "IsTransfer" boolean NOT NULL,
    "IsUpgrade" boolean NOT NULL,
    "IsEditWS" boolean NOT NULL,
    "IsEditTask" boolean NOT NULL
);


ALTER TABLE public."Roles" OWNER TO postgres;

--
-- TOC entry 207 (class 1259 OID 41683)
-- Name: Roles_Id_seq; Type: SEQUENCE; Schema: public; Owner: postgres
--

ALTER TABLE public."Roles" ALTER COLUMN "Id" ADD GENERATED BY DEFAULT AS IDENTITY (
    SEQUENCE NAME public."Roles_Id_seq"
    START WITH 1
    INCREMENT BY 1
    NO MINVALUE
    NO MAXVALUE
    CACHE 1
);


--
-- TOC entry 233 (class 1259 OID 41912)
-- Name: TaskDeviceTransfers; Type: TABLE; Schema: public; Owner: postgres
--

CREATE TABLE public."TaskDeviceTransfers" (
    "Id" integer NOT NULL,
    "IdTask" integer NOT NULL,
    "IdDevice" integer NOT NULL,
    "UseType" text,
    "IdLocation" integer,
    "IdWorkstation" integer
);


ALTER TABLE public."TaskDeviceTransfers" OWNER TO postgres;

--
-- TOC entry 232 (class 1259 OID 41910)
-- Name: TaskDeviceTransfers_Id_seq; Type: SEQUENCE; Schema: public; Owner: postgres
--

ALTER TABLE public."TaskDeviceTransfers" ALTER COLUMN "Id" ADD GENERATED BY DEFAULT AS IDENTITY (
    SEQUENCE NAME public."TaskDeviceTransfers_Id_seq"
    START WITH 1
    INCREMENT BY 1
    NO MINVALUE
    NO MAXVALUE
    CACHE 1
);


--
-- TOC entry 210 (class 1259 OID 41695)
-- Name: TaskTypes; Type: TABLE; Schema: public; Owner: postgres
--

CREATE TABLE public."TaskTypes" (
    "Id" integer NOT NULL,
    "Name" text
);


ALTER TABLE public."TaskTypes" OWNER TO postgres;

--
-- TOC entry 209 (class 1259 OID 41693)
-- Name: TaskTypes_Id_seq; Type: SEQUENCE; Schema: public; Owner: postgres
--

ALTER TABLE public."TaskTypes" ALTER COLUMN "Id" ADD GENERATED BY DEFAULT AS IDENTITY (
    SEQUENCE NAME public."TaskTypes_Id_seq"
    START WITH 1
    INCREMENT BY 1
    NO MINVALUE
    NO MAXVALUE
    CACHE 1
);


--
-- TOC entry 227 (class 1259 OID 41827)
-- Name: TaskWorkstationTransfers; Type: TABLE; Schema: public; Owner: postgres
--

CREATE TABLE public."TaskWorkstationTransfers" (
    "Id" integer NOT NULL,
    "IdTask" integer NOT NULL,
    "IdWorkstation" integer NOT NULL,
    "IdLocation" integer NOT NULL,
    "IdEmployee" integer
);


ALTER TABLE public."TaskWorkstationTransfers" OWNER TO postgres;

--
-- TOC entry 226 (class 1259 OID 41825)
-- Name: TaskWorkstationTransfers_Id_seq; Type: SEQUENCE; Schema: public; Owner: postgres
--

ALTER TABLE public."TaskWorkstationTransfers" ALTER COLUMN "Id" ADD GENERATED BY DEFAULT AS IDENTITY (
    SEQUENCE NAME public."TaskWorkstationTransfers_Id_seq"
    START WITH 1
    INCREMENT BY 1
    NO MINVALUE
    NO MAXVALUE
    CACHE 1
);


--
-- TOC entry 221 (class 1259 OID 41770)
-- Name: Tasks; Type: TABLE; Schema: public; Owner: postgres
--

CREATE TABLE public."Tasks" (
    "Id" integer NOT NULL,
    "DateCreated" timestamp with time zone NOT NULL,
    "IdUser" integer NOT NULL,
    "IdTaskType" integer NOT NULL,
    "Comment" text
);


ALTER TABLE public."Tasks" OWNER TO postgres;

--
-- TOC entry 220 (class 1259 OID 41768)
-- Name: Tasks_Id_seq; Type: SEQUENCE; Schema: public; Owner: postgres
--

ALTER TABLE public."Tasks" ALTER COLUMN "Id" ADD GENERATED BY DEFAULT AS IDENTITY (
    SEQUENCE NAME public."Tasks_Id_seq"
    START WITH 1
    INCREMENT BY 1
    NO MINVALUE
    NO MAXVALUE
    CACHE 1
);


--
-- TOC entry 212 (class 1259 OID 41705)
-- Name: Users; Type: TABLE; Schema: public; Owner: postgres
--

CREATE TABLE public."Users" (
    "Id" integer NOT NULL,
    "FirstName" text,
    "Patronymic" text,
    "LastName" text,
    "Mail" text,
    "Username" text,
    "PasswordHash" text,
    "ImageName" text
);


ALTER TABLE public."Users" OWNER TO postgres;

--
-- TOC entry 211 (class 1259 OID 41703)
-- Name: Users_Id_seq; Type: SEQUENCE; Schema: public; Owner: postgres
--

ALTER TABLE public."Users" ALTER COLUMN "Id" ADD GENERATED BY DEFAULT AS IDENTITY (
    SEQUENCE NAME public."Users_Id_seq"
    START WITH 1
    INCREMENT BY 1
    NO MINVALUE
    NO MAXVALUE
    CACHE 1
);


--
-- TOC entry 225 (class 1259 OID 41805)
-- Name: WorkstationTransfers; Type: TABLE; Schema: public; Owner: postgres
--

CREATE TABLE public."WorkstationTransfers" (
    "Id" integer NOT NULL,
    "DateOfInstallation" timestamp with time zone NOT NULL,
    "DateOfRemoval" timestamp with time zone,
    "IdWorkstation" integer NOT NULL,
    "IdLocation" integer NOT NULL,
    "IdEmployee" integer
);


ALTER TABLE public."WorkstationTransfers" OWNER TO postgres;

--
-- TOC entry 224 (class 1259 OID 41803)
-- Name: WorkstationTransfers_Id_seq; Type: SEQUENCE; Schema: public; Owner: postgres
--

ALTER TABLE public."WorkstationTransfers" ALTER COLUMN "Id" ADD GENERATED BY DEFAULT AS IDENTITY (
    SEQUENCE NAME public."WorkstationTransfers_Id_seq"
    START WITH 1
    INCREMENT BY 1
    NO MINVALUE
    NO MAXVALUE
    CACHE 1
);


--
-- TOC entry 214 (class 1259 OID 41715)
-- Name: Workstations; Type: TABLE; Schema: public; Owner: postgres
--

CREATE TABLE public."Workstations" (
    "Id" integer NOT NULL,
    "RegisterNumber" text,
    "NetworkName" text,
    "IpAddress" text,
    "IsDisassembled" boolean NOT NULL
);


ALTER TABLE public."Workstations" OWNER TO postgres;

--
-- TOC entry 213 (class 1259 OID 41713)
-- Name: Workstations_Id_seq; Type: SEQUENCE; Schema: public; Owner: postgres
--

ALTER TABLE public."Workstations" ALTER COLUMN "Id" ADD GENERATED BY DEFAULT AS IDENTITY (
    SEQUENCE NAME public."Workstations_Id_seq"
    START WITH 1
    INCREMENT BY 1
    NO MINVALUE
    NO MAXVALUE
    CACHE 1
);


--
-- TOC entry 200 (class 1259 OID 16384)
-- Name: __EFMigrationsHistory; Type: TABLE; Schema: public; Owner: postgres
--

CREATE TABLE public."__EFMigrationsHistory" (
    "MigrationId" character varying(150) NOT NULL,
    "ProductVersion" character varying(32) NOT NULL
);


ALTER TABLE public."__EFMigrationsHistory" OWNER TO postgres;

--
-- TOC entry 3163 (class 0 OID 41852)
-- Dependencies: 228
-- Data for Name: DeviceDeviceParameter; Type: TABLE DATA; Schema: public; Owner: postgres
--



--
-- TOC entry 3151 (class 0 OID 41725)
-- Dependencies: 216
-- Data for Name: DeviceModels; Type: TABLE DATA; Schema: public; Owner: postgres
--

INSERT INTO public."DeviceModels" VALUES (1, 'Asus W2701', 2);
INSERT INTO public."DeviceModels" VALUES (2, 'Lenovo QR2', 4);
INSERT INTO public."DeviceModels" VALUES (3, 'LOC AS1010', 1);
INSERT INTO public."DeviceModels" VALUES (4, 'A4Tech 3130', 3);
INSERT INTO public."DeviceModels" VALUES (5, 'x32x2', 3);
INSERT INTO public."DeviceModels" VALUES (6, 'x123', 3);


--
-- TOC entry 3164 (class 0 OID 41867)
-- Dependencies: 229
-- Data for Name: DeviceParameterValues; Type: TABLE DATA; Schema: public; Owner: postgres
--

INSERT INTO public."DeviceParameterValues" VALUES (1, 3, '17 дюймов (43,18 см)');
INSERT INTO public."DeviceParameterValues" VALUES (1, 2, 'Palit GeForce RTX 3090');
INSERT INTO public."DeviceParameterValues" VALUES (1, 1, 'DDR3 8X2');
INSERT INTO public."DeviceParameterValues" VALUES (2, 4, 'Intel Core Duo');


--
-- TOC entry 3137 (class 0 OID 41655)
-- Dependencies: 202
-- Data for Name: DeviceParameters; Type: TABLE DATA; Schema: public; Owner: postgres
--

INSERT INTO public."DeviceParameters" VALUES (1, 'Оперативная память');
INSERT INTO public."DeviceParameters" VALUES (2, 'Видеокарта');
INSERT INTO public."DeviceParameters" VALUES (3, 'Диагональ');
INSERT INTO public."DeviceParameters" VALUES (4, 'Процессор');


--
-- TOC entry 3166 (class 0 OID 41887)
-- Dependencies: 231
-- Data for Name: DeviceTransfers; Type: TABLE DATA; Schema: public; Owner: postgres
--

INSERT INTO public."DeviceTransfers" VALUES (1, '2011-05-16 15:36:38+00', NULL, 1, 'рабочее место', NULL, 1);
INSERT INTO public."DeviceTransfers" VALUES (2, '2012-05-16 16:30:18+00', NULL, 2, 'общее пользование', 1, NULL);
INSERT INTO public."DeviceTransfers" VALUES (3, '2022-04-18 20:26:39.360315+00', NULL, 3, 'общее пользование', 1, NULL);
INSERT INTO public."DeviceTransfers" VALUES (4, '2022-04-18 20:59:03.634911+00', NULL, 4, 'рабочее место', NULL, 1);
INSERT INTO public."DeviceTransfers" VALUES (5, '2022-04-18 20:59:24.836675+00', NULL, 5, 'рабочее место', NULL, 1);
INSERT INTO public."DeviceTransfers" VALUES (6, '2022-04-18 21:09:15.157115+00', NULL, 6, 'рабочее место', NULL, 1);


--
-- TOC entry 3139 (class 0 OID 41665)
-- Dependencies: 204
-- Data for Name: DeviceTypes; Type: TABLE DATA; Schema: public; Owner: postgres
--

INSERT INTO public."DeviceTypes" VALUES (1, 'Системный блок', 30);
INSERT INTO public."DeviceTypes" VALUES (2, 'Монитор', 30);
INSERT INTO public."DeviceTypes" VALUES (3, 'Клавиатура', 15);
INSERT INTO public."DeviceTypes" VALUES (4, 'Ноутбук', 20);
INSERT INTO public."DeviceTypes" VALUES (5, 'Телефон', 7);


--
-- TOC entry 3158 (class 0 OID 41790)
-- Dependencies: 223
-- Data for Name: Devices; Type: TABLE DATA; Schema: public; Owner: postgres
--

INSERT INTO public."Devices" VALUES (1, '01000', 1, NULL, NULL, NULL);
INSERT INTO public."Devices" VALUES (2, '01011', 2, NULL, NULL, NULL);
INSERT INTO public."Devices" VALUES (3, '12323', 5, NULL, NULL, NULL);
INSERT INTO public."Devices" VALUES (5, '123xx', 6, NULL, NULL, NULL);
INSERT INTO public."Devices" VALUES (6, '01001', 1, NULL, NULL, NULL);
INSERT INTO public."Devices" VALUES (4, '123x', 6, '2021-12-31 19:00:00+00', NULL, NULL);


--
-- TOC entry 3141 (class 0 OID 41675)
-- Dependencies: 206
-- Data for Name: Employees; Type: TABLE DATA; Schema: public; Owner: postgres
--

INSERT INTO public."Employees" VALUES (1, '0001123', 'Иванов', 'Иван', 'Иванович', 'Руководитель', 'Группа АСУ');
INSERT INTO public."Employees" VALUES (2, '0000333', 'Петров', 'Петр', 'Сидорович', 'Бухгалтер', 'Группа АСУ');
INSERT INTO public."Employees" VALUES (3, '000067', 'Фоминых', 'Игорь', 'Степанович', 'Инженер 3й категории', 'Отдел кадров');


--
-- TOC entry 3153 (class 0 OID 41740)
-- Dependencies: 218
-- Data for Name: Locations; Type: TABLE DATA; Schema: public; Owner: postgres
--

INSERT INTO public."Locations" VALUES (1, '113', '001', 2);
INSERT INTO public."Locations" VALUES (2, '211', '001', 1);
INSERT INTO public."Locations" VALUES (3, '207', '006', 3);


--
-- TOC entry 3154 (class 0 OID 41753)
-- Dependencies: 219
-- Data for Name: RoleUser; Type: TABLE DATA; Schema: public; Owner: postgres
--

INSERT INTO public."RoleUser" VALUES (1, 1);
INSERT INTO public."RoleUser" VALUES (2, 1);
INSERT INTO public."RoleUser" VALUES (2, 2);


--
-- TOC entry 3143 (class 0 OID 41685)
-- Dependencies: 208
-- Data for Name: Roles; Type: TABLE DATA; Schema: public; Owner: postgres
--

INSERT INTO public."Roles" VALUES (1, 'Администратор', true, true, true, true, false);
INSERT INTO public."Roles" VALUES (2, 'Ответственный за списание', false, false, false, true, false);


--
-- TOC entry 3168 (class 0 OID 41912)
-- Dependencies: 233
-- Data for Name: TaskDeviceTransfers; Type: TABLE DATA; Schema: public; Owner: postgres
--



--
-- TOC entry 3145 (class 0 OID 41695)
-- Dependencies: 210
-- Data for Name: TaskTypes; Type: TABLE DATA; Schema: public; Owner: postgres
--



--
-- TOC entry 3162 (class 0 OID 41827)
-- Dependencies: 227
-- Data for Name: TaskWorkstationTransfers; Type: TABLE DATA; Schema: public; Owner: postgres
--



--
-- TOC entry 3156 (class 0 OID 41770)
-- Dependencies: 221
-- Data for Name: Tasks; Type: TABLE DATA; Schema: public; Owner: postgres
--



--
-- TOC entry 3147 (class 0 OID 41705)
-- Dependencies: 212
-- Data for Name: Users; Type: TABLE DATA; Schema: public; Owner: postgres
--

INSERT INTO public."Users" VALUES (1, 'Admin', '', 'Admin', 'admin', 'admin', '$2a$11$ewXfcdmUxr3StPN23zgLYeBNFqKPSK/dzvtAeX9blGbx1qFp19pDa', 'avatar222259691.jpg');
INSERT INTO public."Users" VALUES (2, 'User', '', 'User', 'user@mail.ru', 'user', '$2a$11$7lE5qnBp99Y1H1yoY.PQkeBjuXzN.2p70QVOF8MYa2dsf4/zY2MYi', '0222003866.jpg');


--
-- TOC entry 3160 (class 0 OID 41805)
-- Dependencies: 225
-- Data for Name: WorkstationTransfers; Type: TABLE DATA; Schema: public; Owner: postgres
--

INSERT INTO public."WorkstationTransfers" VALUES (1, '2012-08-16 10:00:00+00', NULL, 1, 1, 1);


--
-- TOC entry 3149 (class 0 OID 41715)
-- Dependencies: 214
-- Data for Name: Workstations; Type: TABLE DATA; Schema: public; Owner: postgres
--

INSERT INTO public."Workstations" VALUES (1, '001', 'PMZ01', '192.168.0.1', false);
INSERT INTO public."Workstations" VALUES (2, '011', 'PMZ11', '192.168.0.2', false);
INSERT INTO public."Workstations" VALUES (3, '013', 'PMZ13', '192.168.0.3', false);


--
-- TOC entry 3135 (class 0 OID 16384)
-- Dependencies: 200
-- Data for Name: __EFMigrationsHistory; Type: TABLE DATA; Schema: public; Owner: postgres
--

INSERT INTO public."__EFMigrationsHistory" VALUES ('20220306212341_Initial', '6.0.1');
INSERT INTO public."__EFMigrationsHistory" VALUES ('20220307201953_Initial', '6.0.1');
INSERT INTO public."__EFMigrationsHistory" VALUES ('20220307203534_Initial', '6.0.1');
INSERT INTO public."__EFMigrationsHistory" VALUES ('20220309115529_Initial', '6.0.1');
INSERT INTO public."__EFMigrationsHistory" VALUES ('20220309124104_Initial', '6.0.1');
INSERT INTO public."__EFMigrationsHistory" VALUES ('20220310210752_Initial', '6.0.1');
INSERT INTO public."__EFMigrationsHistory" VALUES ('20220317122112_Initial', '6.0.1');
INSERT INTO public."__EFMigrationsHistory" VALUES ('20220317124057_Initial', '6.0.1');
INSERT INTO public."__EFMigrationsHistory" VALUES ('20220318211622_Initial', '6.0.1');
INSERT INTO public."__EFMigrationsHistory" VALUES ('20220319211705_Initial', '6.0.1');
INSERT INTO public."__EFMigrationsHistory" VALUES ('20220322192255_Initial', '6.0.1');
INSERT INTO public."__EFMigrationsHistory" VALUES ('20220326215848_Initial', '6.0.1');
INSERT INTO public."__EFMigrationsHistory" VALUES ('20220326222930_Initial', '6.0.1');
INSERT INTO public."__EFMigrationsHistory" VALUES ('20220327105401_Initial', '6.0.1');
INSERT INTO public."__EFMigrationsHistory" VALUES ('20220327113949_Initial', '6.0.1');
INSERT INTO public."__EFMigrationsHistory" VALUES ('20220327120546_Initial', '6.0.1');
INSERT INTO public."__EFMigrationsHistory" VALUES ('20220327131159_Initial', '6.0.1');
INSERT INTO public."__EFMigrationsHistory" VALUES ('20220327140111_Initial', '6.0.1');
INSERT INTO public."__EFMigrationsHistory" VALUES ('20220327141301_Initial', '6.0.1');
INSERT INTO public."__EFMigrationsHistory" VALUES ('20220327143555_Initial', '6.0.1');
INSERT INTO public."__EFMigrationsHistory" VALUES ('20220327191133_Initial', '6.0.1');
INSERT INTO public."__EFMigrationsHistory" VALUES ('20220327194335_Initial', '6.0.1');
INSERT INTO public."__EFMigrationsHistory" VALUES ('20220327195209_Initial', '6.0.1');
INSERT INTO public."__EFMigrationsHistory" VALUES ('20220327195449_Initial', '6.0.1');
INSERT INTO public."__EFMigrationsHistory" VALUES ('20220329224105_Initial', '6.0.1');
INSERT INTO public."__EFMigrationsHistory" VALUES ('20220331184150_Initial', '6.0.1');
INSERT INTO public."__EFMigrationsHistory" VALUES ('20220331184755_Initial', '6.0.1');
INSERT INTO public."__EFMigrationsHistory" VALUES ('20220331185222_Initial', '6.0.1');
INSERT INTO public."__EFMigrationsHistory" VALUES ('20220331185739_Initial', '6.0.1');
INSERT INTO public."__EFMigrationsHistory" VALUES ('20220401224830_Initial', '6.0.1');
INSERT INTO public."__EFMigrationsHistory" VALUES ('20220402132122_Initial', '6.0.1');
INSERT INTO public."__EFMigrationsHistory" VALUES ('20220402132842_Initial', '6.0.1');
INSERT INTO public."__EFMigrationsHistory" VALUES ('20220402141705_Initial', '6.0.1');
INSERT INTO public."__EFMigrationsHistory" VALUES ('20220402142223_Initial', '6.0.1');
INSERT INTO public."__EFMigrationsHistory" VALUES ('20220402142850_Initial', '6.0.1');
INSERT INTO public."__EFMigrationsHistory" VALUES ('20220402144034_Initial', '6.0.1');
INSERT INTO public."__EFMigrationsHistory" VALUES ('20220402165955_Initial', '6.0.1');
INSERT INTO public."__EFMigrationsHistory" VALUES ('20220403124155_Initial', '6.0.1');
INSERT INTO public."__EFMigrationsHistory" VALUES ('20220414163705_Initial', '6.0.1');
INSERT INTO public."__EFMigrationsHistory" VALUES ('20220414180851_Initial', '6.0.1');
INSERT INTO public."__EFMigrationsHistory" VALUES ('20220414181809_Initial', '6.0.1');
INSERT INTO public."__EFMigrationsHistory" VALUES ('20220414211718_Initial', '6.0.1');
INSERT INTO public."__EFMigrationsHistory" VALUES ('20220414214111_Initial', '6.0.1');
INSERT INTO public."__EFMigrationsHistory" VALUES ('20220414221953_Initial', '6.0.1');
INSERT INTO public."__EFMigrationsHistory" VALUES ('20220416112018_Initial', '6.0.1');
INSERT INTO public."__EFMigrationsHistory" VALUES ('20220416120603_Initial', '6.0.1');
INSERT INTO public."__EFMigrationsHistory" VALUES ('20220417161845_Initial', '6.0.1');
INSERT INTO public."__EFMigrationsHistory" VALUES ('20220417215656_Initial', '6.0.1');
INSERT INTO public."__EFMigrationsHistory" VALUES ('20220418080245_Initial', '6.0.1');
INSERT INTO public."__EFMigrationsHistory" VALUES ('20220418112045_Initial', '6.0.1');


--
-- TOC entry 3177 (class 0 OID 0)
-- Dependencies: 215
-- Name: DeviceModels_Id_seq; Type: SEQUENCE SET; Schema: public; Owner: postgres
--

SELECT pg_catalog.setval('public."DeviceModels_Id_seq"', 6, true);


--
-- TOC entry 3178 (class 0 OID 0)
-- Dependencies: 201
-- Name: DeviceParameters_Id_seq; Type: SEQUENCE SET; Schema: public; Owner: postgres
--

SELECT pg_catalog.setval('public."DeviceParameters_Id_seq"', 1, false);


--
-- TOC entry 3179 (class 0 OID 0)
-- Dependencies: 230
-- Name: DeviceTransfers_Id_seq; Type: SEQUENCE SET; Schema: public; Owner: postgres
--

SELECT pg_catalog.setval('public."DeviceTransfers_Id_seq"', 6, true);


--
-- TOC entry 3180 (class 0 OID 0)
-- Dependencies: 203
-- Name: DeviceTypes_Id_seq; Type: SEQUENCE SET; Schema: public; Owner: postgres
--

SELECT pg_catalog.setval('public."DeviceTypes_Id_seq"', 1, false);


--
-- TOC entry 3181 (class 0 OID 0)
-- Dependencies: 222
-- Name: Devices_Id_seq; Type: SEQUENCE SET; Schema: public; Owner: postgres
--

SELECT pg_catalog.setval('public."Devices_Id_seq"', 6, true);


--
-- TOC entry 3182 (class 0 OID 0)
-- Dependencies: 205
-- Name: Employees_Id_seq; Type: SEQUENCE SET; Schema: public; Owner: postgres
--

SELECT pg_catalog.setval('public."Employees_Id_seq"', 1, false);


--
-- TOC entry 3183 (class 0 OID 0)
-- Dependencies: 217
-- Name: Locations_Id_seq; Type: SEQUENCE SET; Schema: public; Owner: postgres
--

SELECT pg_catalog.setval('public."Locations_Id_seq"', 1, false);


--
-- TOC entry 3184 (class 0 OID 0)
-- Dependencies: 207
-- Name: Roles_Id_seq; Type: SEQUENCE SET; Schema: public; Owner: postgres
--

SELECT pg_catalog.setval('public."Roles_Id_seq"', 2, true);


--
-- TOC entry 3185 (class 0 OID 0)
-- Dependencies: 232
-- Name: TaskDeviceTransfers_Id_seq; Type: SEQUENCE SET; Schema: public; Owner: postgres
--

SELECT pg_catalog.setval('public."TaskDeviceTransfers_Id_seq"', 1, false);


--
-- TOC entry 3186 (class 0 OID 0)
-- Dependencies: 209
-- Name: TaskTypes_Id_seq; Type: SEQUENCE SET; Schema: public; Owner: postgres
--

SELECT pg_catalog.setval('public."TaskTypes_Id_seq"', 1, false);


--
-- TOC entry 3187 (class 0 OID 0)
-- Dependencies: 226
-- Name: TaskWorkstationTransfers_Id_seq; Type: SEQUENCE SET; Schema: public; Owner: postgres
--

SELECT pg_catalog.setval('public."TaskWorkstationTransfers_Id_seq"', 1, false);


--
-- TOC entry 3188 (class 0 OID 0)
-- Dependencies: 220
-- Name: Tasks_Id_seq; Type: SEQUENCE SET; Schema: public; Owner: postgres
--

SELECT pg_catalog.setval('public."Tasks_Id_seq"', 1, false);


--
-- TOC entry 3189 (class 0 OID 0)
-- Dependencies: 211
-- Name: Users_Id_seq; Type: SEQUENCE SET; Schema: public; Owner: postgres
--

SELECT pg_catalog.setval('public."Users_Id_seq"', 1, false);


--
-- TOC entry 3190 (class 0 OID 0)
-- Dependencies: 224
-- Name: WorkstationTransfers_Id_seq; Type: SEQUENCE SET; Schema: public; Owner: postgres
--

SELECT pg_catalog.setval('public."WorkstationTransfers_Id_seq"', 1, true);


--
-- TOC entry 3191 (class 0 OID 0)
-- Dependencies: 213
-- Name: Workstations_Id_seq; Type: SEQUENCE SET; Schema: public; Owner: postgres
--

SELECT pg_catalog.setval('public."Workstations_Id_seq"', 1, false);


--
-- TOC entry 2965 (class 2606 OID 41856)
-- Name: DeviceDeviceParameter PK_DeviceDeviceParameter; Type: CONSTRAINT; Schema: public; Owner: postgres
--

ALTER TABLE ONLY public."DeviceDeviceParameter"
    ADD CONSTRAINT "PK_DeviceDeviceParameter" PRIMARY KEY ("DeviceId", "DeviceParametersId");


--
-- TOC entry 2938 (class 2606 OID 41732)
-- Name: DeviceModels PK_DeviceModels; Type: CONSTRAINT; Schema: public; Owner: postgres
--

ALTER TABLE ONLY public."DeviceModels"
    ADD CONSTRAINT "PK_DeviceModels" PRIMARY KEY ("Id");


--
-- TOC entry 2968 (class 2606 OID 41874)
-- Name: DeviceParameterValues PK_DeviceParameterValues; Type: CONSTRAINT; Schema: public; Owner: postgres
--

ALTER TABLE ONLY public."DeviceParameterValues"
    ADD CONSTRAINT "PK_DeviceParameterValues" PRIMARY KEY ("DeviceParameterId", "DeviceId");


--
-- TOC entry 2921 (class 2606 OID 41662)
-- Name: DeviceParameters PK_DeviceParameters; Type: CONSTRAINT; Schema: public; Owner: postgres
--

ALTER TABLE ONLY public."DeviceParameters"
    ADD CONSTRAINT "PK_DeviceParameters" PRIMARY KEY ("Id");


--
-- TOC entry 2973 (class 2606 OID 41894)
-- Name: DeviceTransfers PK_DeviceTransfers; Type: CONSTRAINT; Schema: public; Owner: postgres
--

ALTER TABLE ONLY public."DeviceTransfers"
    ADD CONSTRAINT "PK_DeviceTransfers" PRIMARY KEY ("Id");


--
-- TOC entry 2923 (class 2606 OID 41672)
-- Name: DeviceTypes PK_DeviceTypes; Type: CONSTRAINT; Schema: public; Owner: postgres
--

ALTER TABLE ONLY public."DeviceTypes"
    ADD CONSTRAINT "PK_DeviceTypes" PRIMARY KEY ("Id");


--
-- TOC entry 2951 (class 2606 OID 41797)
-- Name: Devices PK_Devices; Type: CONSTRAINT; Schema: public; Owner: postgres
--

ALTER TABLE ONLY public."Devices"
    ADD CONSTRAINT "PK_Devices" PRIMARY KEY ("Id");


--
-- TOC entry 2925 (class 2606 OID 41682)
-- Name: Employees PK_Employees; Type: CONSTRAINT; Schema: public; Owner: postgres
--

ALTER TABLE ONLY public."Employees"
    ADD CONSTRAINT "PK_Employees" PRIMARY KEY ("Id");


--
-- TOC entry 2941 (class 2606 OID 41747)
-- Name: Locations PK_Locations; Type: CONSTRAINT; Schema: public; Owner: postgres
--

ALTER TABLE ONLY public."Locations"
    ADD CONSTRAINT "PK_Locations" PRIMARY KEY ("Id");


--
-- TOC entry 2944 (class 2606 OID 41757)
-- Name: RoleUser PK_RoleUser; Type: CONSTRAINT; Schema: public; Owner: postgres
--

ALTER TABLE ONLY public."RoleUser"
    ADD CONSTRAINT "PK_RoleUser" PRIMARY KEY ("RolesId", "UsersId");


--
-- TOC entry 2928 (class 2606 OID 41692)
-- Name: Roles PK_Roles; Type: CONSTRAINT; Schema: public; Owner: postgres
--

ALTER TABLE ONLY public."Roles"
    ADD CONSTRAINT "PK_Roles" PRIMARY KEY ("Id");


--
-- TOC entry 2979 (class 2606 OID 41919)
-- Name: TaskDeviceTransfers PK_TaskDeviceTransfers; Type: CONSTRAINT; Schema: public; Owner: postgres
--

ALTER TABLE ONLY public."TaskDeviceTransfers"
    ADD CONSTRAINT "PK_TaskDeviceTransfers" PRIMARY KEY ("Id");


--
-- TOC entry 2930 (class 2606 OID 41702)
-- Name: TaskTypes PK_TaskTypes; Type: CONSTRAINT; Schema: public; Owner: postgres
--

ALTER TABLE ONLY public."TaskTypes"
    ADD CONSTRAINT "PK_TaskTypes" PRIMARY KEY ("Id");


--
-- TOC entry 2962 (class 2606 OID 41831)
-- Name: TaskWorkstationTransfers PK_TaskWorkstationTransfers; Type: CONSTRAINT; Schema: public; Owner: postgres
--

ALTER TABLE ONLY public."TaskWorkstationTransfers"
    ADD CONSTRAINT "PK_TaskWorkstationTransfers" PRIMARY KEY ("Id");


--
-- TOC entry 2948 (class 2606 OID 41777)
-- Name: Tasks PK_Tasks; Type: CONSTRAINT; Schema: public; Owner: postgres
--

ALTER TABLE ONLY public."Tasks"
    ADD CONSTRAINT "PK_Tasks" PRIMARY KEY ("Id");


--
-- TOC entry 2933 (class 2606 OID 41712)
-- Name: Users PK_Users; Type: CONSTRAINT; Schema: public; Owner: postgres
--

ALTER TABLE ONLY public."Users"
    ADD CONSTRAINT "PK_Users" PRIMARY KEY ("Id");


--
-- TOC entry 2956 (class 2606 OID 41809)
-- Name: WorkstationTransfers PK_WorkstationTransfers; Type: CONSTRAINT; Schema: public; Owner: postgres
--

ALTER TABLE ONLY public."WorkstationTransfers"
    ADD CONSTRAINT "PK_WorkstationTransfers" PRIMARY KEY ("Id");


--
-- TOC entry 2935 (class 2606 OID 41722)
-- Name: Workstations PK_Workstations; Type: CONSTRAINT; Schema: public; Owner: postgres
--

ALTER TABLE ONLY public."Workstations"
    ADD CONSTRAINT "PK_Workstations" PRIMARY KEY ("Id");


--
-- TOC entry 2919 (class 2606 OID 16388)
-- Name: __EFMigrationsHistory PK___EFMigrationsHistory; Type: CONSTRAINT; Schema: public; Owner: postgres
--

ALTER TABLE ONLY public."__EFMigrationsHistory"
    ADD CONSTRAINT "PK___EFMigrationsHistory" PRIMARY KEY ("MigrationId");


--
-- TOC entry 2963 (class 1259 OID 41940)
-- Name: IX_DeviceDeviceParameter_DeviceParametersId; Type: INDEX; Schema: public; Owner: postgres
--

CREATE INDEX "IX_DeviceDeviceParameter_DeviceParametersId" ON public."DeviceDeviceParameter" USING btree ("DeviceParametersId");


--
-- TOC entry 2936 (class 1259 OID 41941)
-- Name: IX_DeviceModels_IdDeviceType; Type: INDEX; Schema: public; Owner: postgres
--

CREATE INDEX "IX_DeviceModels_IdDeviceType" ON public."DeviceModels" USING btree ("IdDeviceType");


--
-- TOC entry 2966 (class 1259 OID 41942)
-- Name: IX_DeviceParameterValues_DeviceId; Type: INDEX; Schema: public; Owner: postgres
--

CREATE INDEX "IX_DeviceParameterValues_DeviceId" ON public."DeviceParameterValues" USING btree ("DeviceId");


--
-- TOC entry 2969 (class 1259 OID 41944)
-- Name: IX_DeviceTransfers_IdDevice; Type: INDEX; Schema: public; Owner: postgres
--

CREATE INDEX "IX_DeviceTransfers_IdDevice" ON public."DeviceTransfers" USING btree ("IdDevice");


--
-- TOC entry 2970 (class 1259 OID 41945)
-- Name: IX_DeviceTransfers_IdLocation; Type: INDEX; Schema: public; Owner: postgres
--

CREATE INDEX "IX_DeviceTransfers_IdLocation" ON public."DeviceTransfers" USING btree ("IdLocation");


--
-- TOC entry 2971 (class 1259 OID 41946)
-- Name: IX_DeviceTransfers_IdWorkstation; Type: INDEX; Schema: public; Owner: postgres
--

CREATE INDEX "IX_DeviceTransfers_IdWorkstation" ON public."DeviceTransfers" USING btree ("IdWorkstation");


--
-- TOC entry 2949 (class 1259 OID 41943)
-- Name: IX_Devices_IdDeviceModel; Type: INDEX; Schema: public; Owner: postgres
--

CREATE INDEX "IX_Devices_IdDeviceModel" ON public."Devices" USING btree ("IdDeviceModel");


--
-- TOC entry 2939 (class 1259 OID 41947)
-- Name: IX_Locations_IdEmployee; Type: INDEX; Schema: public; Owner: postgres
--

CREATE INDEX "IX_Locations_IdEmployee" ON public."Locations" USING btree ("IdEmployee");


--
-- TOC entry 2942 (class 1259 OID 41949)
-- Name: IX_RoleUser_UsersId; Type: INDEX; Schema: public; Owner: postgres
--

CREATE INDEX "IX_RoleUser_UsersId" ON public."RoleUser" USING btree ("UsersId");


--
-- TOC entry 2926 (class 1259 OID 41948)
-- Name: IX_Roles_Name; Type: INDEX; Schema: public; Owner: postgres
--

CREATE UNIQUE INDEX "IX_Roles_Name" ON public."Roles" USING btree ("Name");


--
-- TOC entry 2974 (class 1259 OID 41950)
-- Name: IX_TaskDeviceTransfers_IdDevice; Type: INDEX; Schema: public; Owner: postgres
--

CREATE INDEX "IX_TaskDeviceTransfers_IdDevice" ON public."TaskDeviceTransfers" USING btree ("IdDevice");


--
-- TOC entry 2975 (class 1259 OID 41951)
-- Name: IX_TaskDeviceTransfers_IdLocation; Type: INDEX; Schema: public; Owner: postgres
--

CREATE INDEX "IX_TaskDeviceTransfers_IdLocation" ON public."TaskDeviceTransfers" USING btree ("IdLocation");


--
-- TOC entry 2976 (class 1259 OID 41952)
-- Name: IX_TaskDeviceTransfers_IdTask; Type: INDEX; Schema: public; Owner: postgres
--

CREATE INDEX "IX_TaskDeviceTransfers_IdTask" ON public."TaskDeviceTransfers" USING btree ("IdTask");


--
-- TOC entry 2977 (class 1259 OID 41953)
-- Name: IX_TaskDeviceTransfers_IdWorkstation; Type: INDEX; Schema: public; Owner: postgres
--

CREATE INDEX "IX_TaskDeviceTransfers_IdWorkstation" ON public."TaskDeviceTransfers" USING btree ("IdWorkstation");


--
-- TOC entry 2957 (class 1259 OID 41956)
-- Name: IX_TaskWorkstationTransfers_IdEmployee; Type: INDEX; Schema: public; Owner: postgres
--

CREATE INDEX "IX_TaskWorkstationTransfers_IdEmployee" ON public."TaskWorkstationTransfers" USING btree ("IdEmployee");


--
-- TOC entry 2958 (class 1259 OID 41957)
-- Name: IX_TaskWorkstationTransfers_IdLocation; Type: INDEX; Schema: public; Owner: postgres
--

CREATE INDEX "IX_TaskWorkstationTransfers_IdLocation" ON public."TaskWorkstationTransfers" USING btree ("IdLocation");


--
-- TOC entry 2959 (class 1259 OID 41958)
-- Name: IX_TaskWorkstationTransfers_IdTask; Type: INDEX; Schema: public; Owner: postgres
--

CREATE INDEX "IX_TaskWorkstationTransfers_IdTask" ON public."TaskWorkstationTransfers" USING btree ("IdTask");


--
-- TOC entry 2960 (class 1259 OID 41959)
-- Name: IX_TaskWorkstationTransfers_IdWorkstation; Type: INDEX; Schema: public; Owner: postgres
--

CREATE INDEX "IX_TaskWorkstationTransfers_IdWorkstation" ON public."TaskWorkstationTransfers" USING btree ("IdWorkstation");


--
-- TOC entry 2945 (class 1259 OID 41954)
-- Name: IX_Tasks_IdTaskType; Type: INDEX; Schema: public; Owner: postgres
--

CREATE INDEX "IX_Tasks_IdTaskType" ON public."Tasks" USING btree ("IdTaskType");


--
-- TOC entry 2946 (class 1259 OID 41955)
-- Name: IX_Tasks_IdUser; Type: INDEX; Schema: public; Owner: postgres
--

CREATE INDEX "IX_Tasks_IdUser" ON public."Tasks" USING btree ("IdUser");


--
-- TOC entry 2931 (class 1259 OID 41960)
-- Name: IX_Users_Username; Type: INDEX; Schema: public; Owner: postgres
--

CREATE UNIQUE INDEX "IX_Users_Username" ON public."Users" USING btree ("Username");


--
-- TOC entry 2952 (class 1259 OID 41961)
-- Name: IX_WorkstationTransfers_IdEmployee; Type: INDEX; Schema: public; Owner: postgres
--

CREATE INDEX "IX_WorkstationTransfers_IdEmployee" ON public."WorkstationTransfers" USING btree ("IdEmployee");


--
-- TOC entry 2953 (class 1259 OID 41962)
-- Name: IX_WorkstationTransfers_IdLocation; Type: INDEX; Schema: public; Owner: postgres
--

CREATE INDEX "IX_WorkstationTransfers_IdLocation" ON public."WorkstationTransfers" USING btree ("IdLocation");


--
-- TOC entry 2954 (class 1259 OID 41963)
-- Name: IX_WorkstationTransfers_IdWorkstation; Type: INDEX; Schema: public; Owner: postgres
--

CREATE INDEX "IX_WorkstationTransfers_IdWorkstation" ON public."WorkstationTransfers" USING btree ("IdWorkstation");


--
-- TOC entry 2994 (class 2606 OID 41857)
-- Name: DeviceDeviceParameter FK_DeviceDeviceParameter_DeviceParameters_DeviceParametersId; Type: FK CONSTRAINT; Schema: public; Owner: postgres
--

ALTER TABLE ONLY public."DeviceDeviceParameter"
    ADD CONSTRAINT "FK_DeviceDeviceParameter_DeviceParameters_DeviceParametersId" FOREIGN KEY ("DeviceParametersId") REFERENCES public."DeviceParameters"("Id") ON DELETE CASCADE;


--
-- TOC entry 2995 (class 2606 OID 41862)
-- Name: DeviceDeviceParameter FK_DeviceDeviceParameter_Devices_DeviceId; Type: FK CONSTRAINT; Schema: public; Owner: postgres
--

ALTER TABLE ONLY public."DeviceDeviceParameter"
    ADD CONSTRAINT "FK_DeviceDeviceParameter_Devices_DeviceId" FOREIGN KEY ("DeviceId") REFERENCES public."Devices"("Id") ON DELETE CASCADE;


--
-- TOC entry 2980 (class 2606 OID 41733)
-- Name: DeviceModels FK_DeviceModels_DeviceTypes_IdDeviceType; Type: FK CONSTRAINT; Schema: public; Owner: postgres
--

ALTER TABLE ONLY public."DeviceModels"
    ADD CONSTRAINT "FK_DeviceModels_DeviceTypes_IdDeviceType" FOREIGN KEY ("IdDeviceType") REFERENCES public."DeviceTypes"("Id") ON DELETE RESTRICT;


--
-- TOC entry 2996 (class 2606 OID 41875)
-- Name: DeviceParameterValues FK_DeviceParameterValues_DeviceParameters_DeviceParameterId; Type: FK CONSTRAINT; Schema: public; Owner: postgres
--

ALTER TABLE ONLY public."DeviceParameterValues"
    ADD CONSTRAINT "FK_DeviceParameterValues_DeviceParameters_DeviceParameterId" FOREIGN KEY ("DeviceParameterId") REFERENCES public."DeviceParameters"("Id") ON DELETE CASCADE;


--
-- TOC entry 2997 (class 2606 OID 41880)
-- Name: DeviceParameterValues FK_DeviceParameterValues_Devices_DeviceId; Type: FK CONSTRAINT; Schema: public; Owner: postgres
--

ALTER TABLE ONLY public."DeviceParameterValues"
    ADD CONSTRAINT "FK_DeviceParameterValues_Devices_DeviceId" FOREIGN KEY ("DeviceId") REFERENCES public."Devices"("Id") ON DELETE CASCADE;


--
-- TOC entry 2998 (class 2606 OID 41895)
-- Name: DeviceTransfers FK_DeviceTransfers_Devices_IdDevice; Type: FK CONSTRAINT; Schema: public; Owner: postgres
--

ALTER TABLE ONLY public."DeviceTransfers"
    ADD CONSTRAINT "FK_DeviceTransfers_Devices_IdDevice" FOREIGN KEY ("IdDevice") REFERENCES public."Devices"("Id") ON DELETE RESTRICT;


--
-- TOC entry 2999 (class 2606 OID 41900)
-- Name: DeviceTransfers FK_DeviceTransfers_Locations_IdLocation; Type: FK CONSTRAINT; Schema: public; Owner: postgres
--

ALTER TABLE ONLY public."DeviceTransfers"
    ADD CONSTRAINT "FK_DeviceTransfers_Locations_IdLocation" FOREIGN KEY ("IdLocation") REFERENCES public."Locations"("Id") ON DELETE RESTRICT;


--
-- TOC entry 3000 (class 2606 OID 41905)
-- Name: DeviceTransfers FK_DeviceTransfers_Workstations_IdWorkstation; Type: FK CONSTRAINT; Schema: public; Owner: postgres
--

ALTER TABLE ONLY public."DeviceTransfers"
    ADD CONSTRAINT "FK_DeviceTransfers_Workstations_IdWorkstation" FOREIGN KEY ("IdWorkstation") REFERENCES public."Workstations"("Id") ON DELETE RESTRICT;


--
-- TOC entry 2986 (class 2606 OID 41798)
-- Name: Devices FK_Devices_DeviceModels_IdDeviceModel; Type: FK CONSTRAINT; Schema: public; Owner: postgres
--

ALTER TABLE ONLY public."Devices"
    ADD CONSTRAINT "FK_Devices_DeviceModels_IdDeviceModel" FOREIGN KEY ("IdDeviceModel") REFERENCES public."DeviceModels"("Id") ON DELETE RESTRICT;


--
-- TOC entry 2981 (class 2606 OID 41748)
-- Name: Locations FK_Locations_Employees_IdEmployee; Type: FK CONSTRAINT; Schema: public; Owner: postgres
--

ALTER TABLE ONLY public."Locations"
    ADD CONSTRAINT "FK_Locations_Employees_IdEmployee" FOREIGN KEY ("IdEmployee") REFERENCES public."Employees"("Id") ON DELETE RESTRICT;


--
-- TOC entry 2982 (class 2606 OID 41758)
-- Name: RoleUser FK_RoleUser_Roles_RolesId; Type: FK CONSTRAINT; Schema: public; Owner: postgres
--

ALTER TABLE ONLY public."RoleUser"
    ADD CONSTRAINT "FK_RoleUser_Roles_RolesId" FOREIGN KEY ("RolesId") REFERENCES public."Roles"("Id") ON DELETE CASCADE;


--
-- TOC entry 2983 (class 2606 OID 41763)
-- Name: RoleUser FK_RoleUser_Users_UsersId; Type: FK CONSTRAINT; Schema: public; Owner: postgres
--

ALTER TABLE ONLY public."RoleUser"
    ADD CONSTRAINT "FK_RoleUser_Users_UsersId" FOREIGN KEY ("UsersId") REFERENCES public."Users"("Id") ON DELETE CASCADE;


--
-- TOC entry 3001 (class 2606 OID 41920)
-- Name: TaskDeviceTransfers FK_TaskDeviceTransfers_Devices_IdDevice; Type: FK CONSTRAINT; Schema: public; Owner: postgres
--

ALTER TABLE ONLY public."TaskDeviceTransfers"
    ADD CONSTRAINT "FK_TaskDeviceTransfers_Devices_IdDevice" FOREIGN KEY ("IdDevice") REFERENCES public."Devices"("Id") ON DELETE RESTRICT;


--
-- TOC entry 3002 (class 2606 OID 41925)
-- Name: TaskDeviceTransfers FK_TaskDeviceTransfers_Locations_IdLocation; Type: FK CONSTRAINT; Schema: public; Owner: postgres
--

ALTER TABLE ONLY public."TaskDeviceTransfers"
    ADD CONSTRAINT "FK_TaskDeviceTransfers_Locations_IdLocation" FOREIGN KEY ("IdLocation") REFERENCES public."Locations"("Id") ON DELETE RESTRICT;


--
-- TOC entry 3003 (class 2606 OID 41930)
-- Name: TaskDeviceTransfers FK_TaskDeviceTransfers_Tasks_IdTask; Type: FK CONSTRAINT; Schema: public; Owner: postgres
--

ALTER TABLE ONLY public."TaskDeviceTransfers"
    ADD CONSTRAINT "FK_TaskDeviceTransfers_Tasks_IdTask" FOREIGN KEY ("IdTask") REFERENCES public."Tasks"("Id") ON DELETE RESTRICT;


--
-- TOC entry 3004 (class 2606 OID 41935)
-- Name: TaskDeviceTransfers FK_TaskDeviceTransfers_Workstations_IdWorkstation; Type: FK CONSTRAINT; Schema: public; Owner: postgres
--

ALTER TABLE ONLY public."TaskDeviceTransfers"
    ADD CONSTRAINT "FK_TaskDeviceTransfers_Workstations_IdWorkstation" FOREIGN KEY ("IdWorkstation") REFERENCES public."Workstations"("Id") ON DELETE RESTRICT;


--
-- TOC entry 2990 (class 2606 OID 41832)
-- Name: TaskWorkstationTransfers FK_TaskWorkstationTransfers_Employees_IdEmployee; Type: FK CONSTRAINT; Schema: public; Owner: postgres
--

ALTER TABLE ONLY public."TaskWorkstationTransfers"
    ADD CONSTRAINT "FK_TaskWorkstationTransfers_Employees_IdEmployee" FOREIGN KEY ("IdEmployee") REFERENCES public."Employees"("Id") ON DELETE RESTRICT;


--
-- TOC entry 2991 (class 2606 OID 41837)
-- Name: TaskWorkstationTransfers FK_TaskWorkstationTransfers_Locations_IdLocation; Type: FK CONSTRAINT; Schema: public; Owner: postgres
--

ALTER TABLE ONLY public."TaskWorkstationTransfers"
    ADD CONSTRAINT "FK_TaskWorkstationTransfers_Locations_IdLocation" FOREIGN KEY ("IdLocation") REFERENCES public."Locations"("Id") ON DELETE RESTRICT;


--
-- TOC entry 2992 (class 2606 OID 41842)
-- Name: TaskWorkstationTransfers FK_TaskWorkstationTransfers_Tasks_IdTask; Type: FK CONSTRAINT; Schema: public; Owner: postgres
--

ALTER TABLE ONLY public."TaskWorkstationTransfers"
    ADD CONSTRAINT "FK_TaskWorkstationTransfers_Tasks_IdTask" FOREIGN KEY ("IdTask") REFERENCES public."Tasks"("Id") ON DELETE RESTRICT;


--
-- TOC entry 2993 (class 2606 OID 41847)
-- Name: TaskWorkstationTransfers FK_TaskWorkstationTransfers_Workstations_IdWorkstation; Type: FK CONSTRAINT; Schema: public; Owner: postgres
--

ALTER TABLE ONLY public."TaskWorkstationTransfers"
    ADD CONSTRAINT "FK_TaskWorkstationTransfers_Workstations_IdWorkstation" FOREIGN KEY ("IdWorkstation") REFERENCES public."Workstations"("Id") ON DELETE RESTRICT;


--
-- TOC entry 2984 (class 2606 OID 41778)
-- Name: Tasks FK_Tasks_TaskTypes_IdTaskType; Type: FK CONSTRAINT; Schema: public; Owner: postgres
--

ALTER TABLE ONLY public."Tasks"
    ADD CONSTRAINT "FK_Tasks_TaskTypes_IdTaskType" FOREIGN KEY ("IdTaskType") REFERENCES public."TaskTypes"("Id") ON DELETE RESTRICT;


--
-- TOC entry 2985 (class 2606 OID 41783)
-- Name: Tasks FK_Tasks_Users_IdUser; Type: FK CONSTRAINT; Schema: public; Owner: postgres
--

ALTER TABLE ONLY public."Tasks"
    ADD CONSTRAINT "FK_Tasks_Users_IdUser" FOREIGN KEY ("IdUser") REFERENCES public."Users"("Id") ON DELETE RESTRICT;


--
-- TOC entry 2987 (class 2606 OID 41810)
-- Name: WorkstationTransfers FK_WorkstationTransfers_Employees_IdEmployee; Type: FK CONSTRAINT; Schema: public; Owner: postgres
--

ALTER TABLE ONLY public."WorkstationTransfers"
    ADD CONSTRAINT "FK_WorkstationTransfers_Employees_IdEmployee" FOREIGN KEY ("IdEmployee") REFERENCES public."Employees"("Id") ON DELETE RESTRICT;


--
-- TOC entry 2988 (class 2606 OID 41815)
-- Name: WorkstationTransfers FK_WorkstationTransfers_Locations_IdLocation; Type: FK CONSTRAINT; Schema: public; Owner: postgres
--

ALTER TABLE ONLY public."WorkstationTransfers"
    ADD CONSTRAINT "FK_WorkstationTransfers_Locations_IdLocation" FOREIGN KEY ("IdLocation") REFERENCES public."Locations"("Id") ON DELETE RESTRICT;


--
-- TOC entry 2989 (class 2606 OID 41820)
-- Name: WorkstationTransfers FK_WorkstationTransfers_Workstations_IdWorkstation; Type: FK CONSTRAINT; Schema: public; Owner: postgres
--

ALTER TABLE ONLY public."WorkstationTransfers"
    ADD CONSTRAINT "FK_WorkstationTransfers_Workstations_IdWorkstation" FOREIGN KEY ("IdWorkstation") REFERENCES public."Workstations"("Id") ON DELETE RESTRICT;


-- Completed on 2022-05-04 01:14:42

--
-- PostgreSQL database dump complete
--

